image_id,target_class,deletion_auc,insertion_auc
ISIC_0029836,5,0.118931844830513,0.6640185713768005
ISIC_0032129,1,0.020261473953723907,0.7581324577331543
ISIC_0027815,2,0.4545653462409973,0.3497057557106018
ISIC_0029413,4,0.6630090475082397,0.925493597984314
ISIC_0029576,4,0.09671716392040253,0.9663123488426208
ISIC_0025140,4,0.1586877703666687,0.8510591387748718
ISIC_0025554,4,0.3884891867637634,0.927940845489502
ISIC_0029418,4,0.17731325328350067,0.645146906375885
ISIC_0027455,4,0.09180796891450882,0.7147116661071777
ISIC_0033744,2,0.30144959688186646,0.4557291865348816
ISIC_0033659,4,0.009103180840611458,0.5935776233673096
ISIC_0033449,4,0.17330345511436462,0.9370743036270142
ISIC_0033676,4,0.051815733313560486,0.9053871035575867
ISIC_0028792,2,0.34787994623184204,0.7558016180992126
ISIC_0033397,2,0.16049624979496002,0.48519226908683777
ISIC_0033414,5,0.25999876856803894,0.7131209969520569
ISIC_0034113,2,0.2829957902431488,0.5394806861877441
ISIC_0029014,5,0.42014792561531067,0.794450581073761
ISIC_0027513,2,0.036627694964408875,0.7532252073287964
ISIC_0028701,2,0.0844515711069107,0.4413616359233856
