image_id,iou,pointing_game_hit,heatmap_positive_fraction
ISIC_0024313,0.5357603412359885,True,0.2001355229591837
ISIC_0024318,0.7449200532978014,True,0.20001594387755103
ISIC_0024329,0.40140510775657456,False,0.2000358737244898
ISIC_0024332,0.3515577778998846,False,0.20001594387755103
ISIC_0024336,0.4029616972803645,False,0.20001594387755103
ISIC_0024347,0.8373291063998415,True,0.20001594387755103
ISIC_0024369,0.5267402376910016,False,0.20001594387755103
ISIC_0024396,0.31292923260674826,True,0.20015545280612246
ISIC_0024404,0.2622558788361897,True,0.20001594387755103
ISIC_0024409,0.17047019476686995,False,0.20001594387755103
ISIC_0024421,0.3694551949985115,False,0.20001594387755103
ISIC_0024429,0.2384581881533101,False,0.20001594387755103
ISIC_0024438,0.292269821441693,True,0.2001155931122449
ISIC_0024441,0.512468104848063,True,0.2001155931122449
ISIC_0024453,0.2586639058413252,False,0.20001594387755103
ISIC_0024455,0.35413235151632594,False,0.2000358737244898
ISIC_0024465,0.3061691495820296,False,0.2001155931122449
ISIC_0024475,0.27305317665803625,True,0.20001594387755103
ISIC_0024478,0.41530864197530865,True,0.20001594387755103
ISIC_0024487,0.4819649262654444,True,0.20001594387755103
ISIC_0024511,0.11522721611330558,True,0.20001594387755103
ISIC_0024521,0.3360396653238302,False,0.20007573341836735
ISIC_0024527,0.39750683711759843,False,0.20001594387755103
ISIC_0024530,0.4333717357910906,False,0.20001594387755103
ISIC_0024533,0.5164941472380769,False,0.20001594387755103
ISIC_0024553,0.3291939802418983,False,0.20007573341836735
ISIC_0024564,0.3019524148288673,False,0.20001594387755103
ISIC_0024566,0.29182553705942527,True,0.20001594387755103
ISIC_0024575,0.4135263480392157,True,0.20001594387755103
ISIC_0024577,0.39697090474292546,True,0.20001594387755103
ISIC_0024599,0.30885401243707433,False,0.20001594387755103
ISIC_0024624,0.279822861887628,False,0.20001594387755103
ISIC_0024640,0.28856015779092703,True,0.2001355229591837
ISIC_0024655,0.32776004458631,False,0.20001594387755103
ISIC_0024659,0.45373778398273895,True,0.20001594387755103
ISIC_0024673,0.24684207283258364,False,0.20001594387755103
ISIC_0024678,0.565658575407879,True,0.20001594387755103
ISIC_0024680,0.5542048624950179,True,0.20001594387755103
ISIC_0024683,0.1675966520526106,True,0.20001594387755103
ISIC_0024684,0.25191877681755,True,0.20001594387755103
ISIC_0024694,0.5296829971181556,True,0.20001594387755103
ISIC_0024697,0.4214243423834898,True,0.20001594387755103
ISIC_0024709,0.24829004238177163,False,0.20001594387755103
ISIC_0024717,0.1922565390867445,False,0.20001594387755103
ISIC_0024721,0.28648606017587447,True,0.20001594387755103
ISIC_0024737,0.4335789683330014,True,0.2001355229591837
ISIC_0024739,0.14100033833314538,True,0.20001594387755103
ISIC_0024750,0.4565779748706578,True,0.20001594387755103
ISIC_0024757,0.8495254048017867,True,0.20001594387755103
ISIC_0024772,0.3875416440691098,True,0.20009566326530612
ISIC_0024786,0.20965010121039368,False,0.20001594387755103
ISIC_0024794,0.16964765169978108,False,0.20001594387755103
ISIC_0024801,0.5647500180362167,True,0.20001594387755103
ISIC_0024805,0.6437711330637141,True,0.20001594387755103
ISIC_0024812,0.36406546214260843,True,0.20001594387755103
ISIC_0024826,0.5990418459131795,True,0.20001594387755103
ISIC_0024844,0.18289585097375105,True,0.20001594387755103
ISIC_0024855,0.6601526516646927,True,0.20001594387755103
ISIC_0024892,0.7429308368360719,True,0.20001594387755103
ISIC_0024896,0.10143483459545635,True,0.20001594387755103
ISIC_0024909,0.3562457182005024,False,0.20001594387755103
ISIC_0024910,0.06465313827277018,False,0.20001594387755103
ISIC_0024919,0.31626971852768326,False,0.20001594387755103
ISIC_0024922,0.40645097457207874,True,0.2001355229591837
ISIC_0024925,0.5129653773721571,True,0.20001594387755103
ISIC_0024928,0.758218262806236,True,0.20001594387755103
ISIC_0024939,0.5137684152554041,False,0.20005580357142858
ISIC_0024951,0.5768595041322314,False,0.20001594387755103
ISIC_0024958,0.37225605075986284,False,0.20001594387755103
ISIC_0024968,0.30290373906125695,True,0.20001594387755103
ISIC_0024971,0.5527891854893908,True,0.20001594387755103
ISIC_0024980,0.6574103209565765,False,0.20001594387755103
ISIC_0024991,0.6613162118780096,True,0.20001594387755103
ISIC_0024998,0.5034760964724058,True,0.20001594387755103
ISIC_0025000,0.10123555201275408,True,0.20001594387755103
ISIC_0025001,0.058888003188521325,True,0.20001594387755103
ISIC_0025004,0.38765254845656855,True,0.20001594387755103
ISIC_0025021,0.20074804488269296,True,0.20001594387755103
ISIC_0025029,0.18691362018764154,False,0.20001594387755103
ISIC_0025031,0.31726484647168435,True,0.20001594387755103
ISIC_0025042,0.6711233832291819,False,0.20001594387755103
ISIC_0025056,0.4666763997372071,True,0.20001594387755103
ISIC_0025103,0.09159810079919785,False,0.20001594387755103
ISIC_0025110,0.4492373457689692,False,0.20005580357142858
ISIC_0025111,0.2798193538988236,False,0.20001594387755103
ISIC_0025112,0.14174064067927442,True,0.20001594387755103
ISIC_0025116,0.24481044126786825,False,0.20001594387755103
ISIC_0025117,0.11897170187325627,True,0.20001594387755103
ISIC_0025129,0.2222775729799741,True,0.2000358737244898
ISIC_0025131,0.34934558618769146,True,0.20001594387755103
ISIC_0025140,0.42944388561574937,True,0.2001155931122449
ISIC_0025142,0.4712576025112811,True,0.20001594387755103
ISIC_0025147,0.4925922243213682,True,0.20001594387755103
ISIC_0025161,0.8327912087912088,True,0.20001594387755103
ISIC_0025163,0.2744719442981686,False,0.20001594387755103
ISIC_0025178,0.49273149684699635,True,0.20001594387755103
ISIC_0025190,0.4894282497185037,False,0.20001594387755103
ISIC_0025215,0.37939623393444255,True,0.2000358737244898
ISIC_0025229,0.41773344851959476,True,0.20001594387755103
ISIC_0025236,0.41934841087974495,True,0.20001594387755103
ISIC_0025247,0.07584422222932174,False,0.20001594387755103
ISIC_0025265,0.1587285771223595,True,0.20001594387755103
ISIC_0025266,0.26763650856915105,True,0.20001594387755103
ISIC_0025273,0.2546149789029536,False,0.20001594387755103
ISIC_0025282,0.35767839816529945,False,0.20001594387755103
ISIC_0025287,0.51409222189025,True,0.2001155931122449
ISIC_0025311,0.7657980184830572,True,0.20001594387755103
ISIC_0025322,0.191178331856727,False,0.20009566326530612
ISIC_0025327,0.4783418213679426,True,0.20001594387755103
ISIC_0025335,0.3160621761658031,True,0.20001594387755103
ISIC_0025353,0.24592804725255057,False,0.20001594387755103
ISIC_0025378,0.14557592666400956,False,0.20001594387755103
ISIC_0025382,0.5307977601628973,True,0.20001594387755103
ISIC_0025399,0.20259764884338263,False,0.20001594387755103
ISIC_0025407,0.42867846773438234,False,0.20001594387755103
ISIC_0025414,0.20424770734656858,True,0.20001594387755103
ISIC_0025430,0.2207687516030926,False,0.20001594387755103
ISIC_0025436,0.4190806444792151,True,0.20071348852040816
ISIC_0025441,0.5245213897423777,True,0.2001155931122449
ISIC_0025457,0.21020049243756594,False,0.20001594387755103
ISIC_0025464,0.46544254177841965,False,0.20001594387755103
ISIC_0025465,0.19209768688573414,False,0.20005580357142858
ISIC_0025478,0.19320113314447593,False,0.20001594387755103
ISIC_0025479,0.3319513653577835,False,0.20001594387755103
ISIC_0025487,0.17870174764739774,True,0.20001594387755103
ISIC_0025489,0.7958569405099151,True,0.20001594387755103
ISIC_0025502,0.36438820247110404,True,0.20001594387755103
ISIC_0025525,0.1666998804304504,True,0.20001594387755103
ISIC_0025527,0.25146161051713556,False,0.20001594387755103
ISIC_0025537,0.6973911375407634,True,0.20001594387755103
ISIC_0025539,0.6836213991769547,True,0.20001594387755103
ISIC_0025541,0.46044240733359904,True,0.20001594387755103
ISIC_0025542,0.2724249334853668,True,0.20001594387755103
ISIC_0025543,0.12031233054983191,False,0.20001594387755103
ISIC_0025545,0.5749302510960542,True,0.20001594387755103
ISIC_0025554,0.17921146953405018,True,0.20001594387755103
ISIC_0025558,0.2766303625979546,False,0.20001594387755103
ISIC_0025568,0.025209246711837385,True,0.20001594387755103
ISIC_0025579,0.5473066984694892,True,0.20001594387755103
ISIC_0025595,0.5608069633124543,False,0.20001594387755103
ISIC_0025603,0.6580913447984212,True,0.20001594387755103
ISIC_0025623,0.08355985955374334,False,0.20001594387755103
ISIC_0025632,0.7457890645244882,True,0.20001594387755103
ISIC_0025649,0.36068817204301074,False,0.20001594387755103
ISIC_0025656,0.5263863411880909,True,0.20001594387755103
ISIC_0025669,0.23133562072679006,True,0.20001594387755103
ISIC_0025675,0.42980625931445604,True,0.20001594387755103
ISIC_0025688,0.14940239043824702,True,0.20009566326530612
ISIC_0025710,0.1389595431204108,False,0.20001594387755103
ISIC_0025733,0.5335904201339557,True,0.20001594387755103
ISIC_0025734,0.17697827286868384,True,0.20001594387755103
ISIC_0025738,0.268764899168868,False,0.20001594387755103
ISIC_0025742,0.3109580375342658,True,0.20001594387755103
ISIC_0025748,0.5131751893346685,False,0.20001594387755103
ISIC_0025749,0.6155900922778048,True,0.2000358737244898
ISIC_0025750,0.3714694110920526,False,0.20005580357142858
ISIC_0025769,0.108509366281387,True,0.20001594387755103
ISIC_0025771,0.5155010374710118,True,0.20001594387755103
ISIC_0025786,0.08419689119170984,True,0.20001594387755103
ISIC_0025797,0.7409511591679648,True,0.20007573341836735
ISIC_0025802,0.5123205105477752,True,0.20001594387755103
ISIC_0025812,0.3747140157167015,True,0.20001594387755103
ISIC_0025818,0.6108492330714553,True,0.20001594387755103
ISIC_0025821,0.5700677599921438,True,0.20009566326530612
ISIC_0025825,0.22436235046271913,True,0.20001594387755103
ISIC_0025834,0.662015503875969,False,0.20001594387755103
ISIC_0025844,0.2888562451544457,False,0.20001594387755103
ISIC_0025855,0.3639231431029538,False,0.20001594387755103
ISIC_0025869,0.6532593619972261,True,0.20001594387755103
ISIC_0025870,0.3981705676620931,False,0.20001594387755103
ISIC_0025871,0.5390593862096453,True,0.20001594387755103
ISIC_0025881,0.20914707054603426,True,0.20001594387755103
ISIC_0025890,0.3538541426263559,False,0.2001155931122449
ISIC_0025895,0.5676671932596103,True,0.20001594387755103
ISIC_0025910,0.6450617283950617,True,0.20001594387755103
ISIC_0025912,0.6507246376811594,True,0.2001355229591837
ISIC_0025924,0.5525109605420486,True,0.20001594387755103
ISIC_0025932,0.31984136241689026,True,0.20001594387755103
ISIC_0025943,0.05147864184008762,True,0.20015545280612246
ISIC_0025952,0.49507735583684953,True,0.20007573341836735
ISIC_0025960,0.39829954218443425,False,0.20001594387755103
ISIC_0025962,0.2325004716853993,True,0.20001594387755103
ISIC_0025966,0.1849666495638789,False,0.20001594387755103
ISIC_0025973,0.27075629033427595,False,0.20001594387755103
ISIC_0025993,0.180808132407029,True,0.20001594387755103
ISIC_0025994,0.6887913841244515,True,0.20001594387755103
ISIC_0025995,0.4998679461220178,True,0.20001594387755103
ISIC_0026001,0.6113345521023766,True,0.2000358737244898
ISIC_0026005,0.7683955491744436,False,0.20005580357142858
ISIC_0026043,0.49510231791290854,True,0.20001594387755103
ISIC_0026112,0.36082547337068294,False,0.20001594387755103
ISIC_0026127,0.2604200193112327,True,0.20001594387755103
ISIC_0026155,0.3222376788553259,True,0.20001594387755103
ISIC_0026167,0.17973092725368564,False,0.20001594387755103
ISIC_0026173,0.17738405662134477,True,0.20001594387755103
ISIC_0026176,0.29885345007296227,False,0.20001594387755103
ISIC_0026179,0.7275416625579332,True,0.20001594387755103
ISIC_0026190,0.6898590268303775,True,0.20001594387755103
ISIC_0026192,0.33823247491852515,False,0.20001594387755103
ISIC_0026202,0.31471774193548385,True,0.20001594387755103
ISIC_0026222,0.5326606479022836,True,0.20001594387755103
ISIC_0026225,0.7724229147722576,True,0.20001594387755103
ISIC_0026226,0.20070590479824477,True,0.20001594387755103
ISIC_0026240,0.49869971781109945,False,0.20001594387755103
ISIC_0026241,0.6206896551724138,True,0.20001594387755103
ISIC_0026247,0.08868074930251096,True,0.20001594387755103
ISIC_0026253,0.2856830026715719,True,0.20001594387755103
ISIC_0026267,0.1643827102948945,False,0.20001594387755103
ISIC_0026269,0.5025906735751295,True,0.20001594387755103
ISIC_0026271,0.35920685532084495,True,0.20001594387755103
ISIC_0026277,0.1808798646362098,False,0.2001155931122449
ISIC_0026287,0.16709522771845717,True,0.20001594387755103
ISIC_0026312,0.43097609561752986,True,0.20009566326530612
ISIC_0026314,0.07114388202471104,True,0.20001594387755103
ISIC_0026316,0.3028338779664649,True,0.20001594387755103
ISIC_0026318,0.8419386745796241,True,0.20001594387755103
ISIC_0026351,0.25074100777056796,False,0.20007573341836735
ISIC_0026365,0.26134554140127386,True,0.20001594387755103
ISIC_0026368,0.525903136165145,True,0.20001594387755103
ISIC_0026388,0.09019895847242622,True,0.20001594387755103
ISIC_0026396,0.4006822057987493,True,0.20001594387755103
ISIC_0026402,0.395874850538063,True,0.20001594387755103
ISIC_0026418,0.21799340854354163,False,0.20001594387755103
ISIC_0026436,0.32944268377521835,False,0.20001594387755103
ISIC_0026439,0.1370040362500952,False,0.20001594387755103
ISIC_0026443,0.40978038067349926,True,0.20001594387755103
ISIC_0026464,0.29607491532177727,True,0.20005580357142858
ISIC_0026467,0.3069109739095798,True,0.2001355229591837
ISIC_0026491,0.22799669045402834,False,0.20007573341836735
ISIC_0026497,0.4143255628611277,True,0.20005580357142858
ISIC_0026530,0.3854056409937115,True,0.20001594387755103
ISIC_0026540,0.626046233559187,True,0.20001594387755103
ISIC_0026546,0.5538821742707081,False,0.20001594387755103
ISIC_0026547,0.1885224817368042,False,0.20001594387755103
ISIC_0026555,0.5205292748026578,True,0.20001594387755103
ISIC_0026563,0.3247789275634995,True,0.20001594387755103
ISIC_0026565,0.3408901040479988,False,0.20001594387755103
ISIC_0026568,0.46852042025436447,True,0.20001594387755103
ISIC_0026570,0.5031955957729545,True,0.20001594387755103
ISIC_0026571,0.24420144858101062,True,0.20001594387755103
ISIC_0026594,0.2588196745185131,True,0.20001594387755103
ISIC_0026609,0.49314325559773764,False,0.20001594387755103
ISIC_0026610,0.21068843369782844,False,0.2001355229591837
ISIC_0026612,0.3552965504276718,False,0.20001594387755103
ISIC_0026614,0.10758997377173296,False,0.20001594387755103
ISIC_0026621,0.3169136710134272,True,0.20001594387755103
ISIC_0026662,0.2631234586541849,False,0.20001594387755103
ISIC_0026665,0.44982595723520635,True,0.20001594387755103
ISIC_0026686,0.3255465957269931,False,0.20001594387755103
ISIC_0026694,0.6096855103222072,True,0.20001594387755103
ISIC_0026700,0.38858966686614804,False,0.20001594387755103
ISIC_0026735,0.14874278511245273,False,0.20001594387755103
ISIC_0026748,0.25988930489988604,False,0.2001155931122449
ISIC_0026773,0.6011266581864437,False,0.20001594387755103
ISIC_0026774,0.584582005559699,True,0.20001594387755103
ISIC_0026777,0.27163383919922507,True,0.20001594387755103
ISIC_0026793,0.26990022347423753,True,0.20001594387755103
ISIC_0026805,0.8599293909973522,True,0.20001594387755103
ISIC_0026818,0.8167306871532224,True,0.20001594387755103
ISIC_0026822,0.5586482263757885,True,0.20001594387755103
ISIC_0026823,0.20064412238325283,False,0.2000358737244898
ISIC_0026829,0.19006377979187647,True,0.2000358737244898
ISIC_0026831,0.17232792110768005,True,0.20007573341836735
ISIC_0026839,0.4375061948656953,True,0.20009566326530612
ISIC_0026844,0.4029363784665579,False,0.20001594387755103
ISIC_0026852,0.5950351675630947,True,0.20001594387755103
ISIC_0026871,0.16845038312963082,False,0.20001594387755103
ISIC_0026887,0.1329214826624153,True,0.20001594387755103
ISIC_0026915,0.40824454844170066,True,0.20015545280612246
ISIC_0026916,0.37039528145695366,False,0.20001594387755103
ISIC_0026917,0.743680582152432,True,0.20001594387755103
ISIC_0026930,0.48834914194857176,False,0.20001594387755103
ISIC_0026942,0.4762787973447872,True,0.20001594387755103
ISIC_0026967,0.1763917476425255,False,0.2001155931122449
ISIC_0026969,0.6800761076379451,True,0.20001594387755103
ISIC_0026970,0.33475955725048834,True,0.20001594387755103
ISIC_0026977,0.6358474641295174,True,0.20001594387755103
ISIC_0026980,0.39297593425944044,True,0.20007573341836735
ISIC_0026983,0.3633324762149653,True,0.20001594387755103
ISIC_0026997,0.35343383584589616,False,0.20009566326530612
ISIC_0026998,0.4150492684383398,True,0.20001594387755103
ISIC_0026999,0.41120962306216624,False,0.20001594387755103
ISIC_0027006,0.2749484200238897,True,0.20001594387755103
ISIC_0027010,0.20526106018333998,True,0.20001594387755103
ISIC_0027026,0.25182269823859604,False,0.20001594387755103
ISIC_0027032,0.4231879409878127,True,0.20001594387755103
ISIC_0027033,0.6454516740366393,True,0.20005580357142858
ISIC_0027036,0.5919080531179622,False,0.20001594387755103
ISIC_0027049,0.31998026640355204,True,0.20001594387755103
ISIC_0027064,0.18455663979635129,False,0.20007573341836735
ISIC_0027088,0.5640763680480174,False,0.20001594387755103
ISIC_0027109,0.3772032902467685,True,0.20001594387755103
ISIC_0027131,0.1695540964586135,False,0.20001594387755103
ISIC_0027138,0.320346751693902,True,0.20001594387755103
ISIC_0027139,0.26968661689653717,True,0.20001594387755103
ISIC_0027146,0.34911075562247107,False,0.20001594387755103
ISIC_0027152,0.5839586577941385,False,0.20001594387755103
ISIC_0027162,0.0679326479729499,False,0.20001594387755103
ISIC_0027172,0.10237537638006022,False,0.2000358737244898
ISIC_0027173,0.5145814445451798,True,0.20001594387755103
ISIC_0027210,0.18742526903148665,True,0.20001594387755103
ISIC_0027225,0.5304128381001683,True,0.20001594387755103
ISIC_0027235,0.4648799442064362,False,0.2000358737244898
ISIC_0027237,0.08085349318489973,False,0.20001594387755103
ISIC_0027251,0.23738573148118025,False,0.20001594387755103
ISIC_0027267,0.5737193440719779,True,0.20001594387755103
ISIC_0027270,0.3503681885125184,False,0.20001594387755103
ISIC_0027278,0.25919517776413464,True,0.20001594387755103
ISIC_0027284,0.6816767165921027,True,0.20001594387755103
ISIC_0027285,0.180033296974568,False,0.20001594387755103
ISIC_0027286,0.6024984209418205,False,0.20001594387755103
ISIC_0027289,0.4445998601258867,False,0.20001594387755103
ISIC_0027292,0.214826624153049,True,0.20001594387755103
ISIC_0027302,0.2895029444467323,True,0.20001594387755103
ISIC_0027315,0.4869047619047619,True,0.2001155931122449
ISIC_0027334,0.2666749318125465,False,0.20001594387755103
ISIC_0027337,0.27584534031921604,False,0.20001594387755103
ISIC_0027350,0.47033368593133956,True,0.20001594387755103
ISIC_0027351,0.7050840978593272,True,0.20001594387755103
ISIC_0027384,0.5290106779879069,True,0.20001594387755103
ISIC_0027402,0.42825827022718216,True,0.20001594387755103
ISIC_0027404,0.23559037493005036,False,0.20001594387755103
ISIC_0027405,0.4202256244963739,True,0.2000358737244898
ISIC_0027410,0.10273017138302112,True,0.20001594387755103
ISIC_0027433,0.15431682292999557,False,0.20001594387755103
ISIC_0027455,0.31736705835490936,True,0.2001355229591837
ISIC_0027464,0.6797715373631604,True,0.20001594387755103
ISIC_0027480,0.3026662216783476,True,0.2001155931122449
ISIC_0027499,0.30216700915374556,False,0.20001594387755103
ISIC_0027506,0.2800721732157177,False,0.20001594387755103
ISIC_0027508,0.22519773149207803,False,0.20009566326530612
ISIC_0027513,0.2589599654555549,False,0.20001594387755103
ISIC_0027571,0.6306885467771951,True,0.20001594387755103
ISIC_0027593,0.47040332463104056,False,0.20001594387755103
ISIC_0027613,0.3276239792869946,True,0.20001594387755103
ISIC_0027629,0.3,True,0.20001594387755103
ISIC_0027657,0.45842268286871574,True,0.20001594387755103
ISIC_0027658,0.42607292393579904,True,0.20001594387755103
ISIC_0027671,0.5672424824056302,False,0.20001594387755103
ISIC_0027675,0.32949621249710564,True,0.20001594387755103
ISIC_0027706,0.518870006621055,True,0.20001594387755103
ISIC_0027712,0.7110711841204654,True,0.20001594387755103
ISIC_0027746,0.20148732486955093,False,0.20001594387755103
ISIC_0027761,0.8122632367192318,True,0.20001594387755103
ISIC_0027768,0.36069478908188585,True,0.20001594387755103
ISIC_0027770,0.1301731212630427,False,0.20001594387755103
ISIC_0027783,0.2178937929660257,True,0.2000358737244898
ISIC_0027785,0.6663055254604551,True,0.2001355229591837
ISIC_0027792,0.5369288389513108,False,0.20001594387755103
ISIC_0027793,0.6920519560847379,True,0.20001594387755103
ISIC_0027803,0.3267872024348708,True,0.20001594387755103
ISIC_0027815,0.07488904751559541,False,0.20001594387755103
ISIC_0027822,0.37785048582193137,False,0.20001594387755103
ISIC_0027833,0.17807729616582427,False,0.20001594387755103
ISIC_0027846,0.32545262467669667,True,0.20001594387755103
ISIC_0027848,0.3270673722454782,True,0.20001594387755103
ISIC_0027863,0.3484527158623675,True,0.20001594387755103
ISIC_0027868,0.4057019692367983,True,0.20001594387755103
ISIC_0027887,0.7200408823779917,True,0.20127152423469388
ISIC_0027904,0.6249916560977238,True,0.20001594387755103
ISIC_0027905,0.07871662016739737,True,0.20001594387755103
ISIC_0027907,0.2912398921832884,True,0.20001594387755103
ISIC_0027950,0.11975163365964799,False,0.20001594387755103
ISIC_0027970,0.0438421681944998,True,0.20001594387755103
ISIC_0027971,0.4557463672391017,False,0.20001594387755103
ISIC_0028000,0.4129135113591072,True,0.20001594387755103
ISIC_0028003,0.31456446602791266,False,0.20001594387755103
ISIC_0028026,0.4966912358099747,True,0.20001594387755103
ISIC_0028032,0.32443204463929853,True,0.20001594387755103
ISIC_0028038,0.40444400159426064,True,0.20001594387755103
ISIC_0028039,0.5486145595391797,True,0.20001594387755103
ISIC_0028040,0.5365462525320729,True,0.20001594387755103
ISIC_0028053,0.34923314362882224,True,0.2000358737244898
ISIC_0028075,0.1582197614991482,False,0.20001594387755103
ISIC_0028082,0.1541461300980339,False,0.20001594387755103
ISIC_0028084,0.30691560297199466,True,0.20001594387755103
ISIC_0028090,0.5456435579234618,True,0.20001594387755103
ISIC_0028096,0.6516091366853973,True,0.2000358737244898
ISIC_0028103,0.1210993188658324,True,0.20001594387755103
ISIC_0028108,0.7738267321962031,True,0.20001594387755103
ISIC_0028110,0.5209246711837385,True,0.20001594387755103
ISIC_0028112,0.18135088826765264,False,0.20001594387755103
ISIC_0028116,0.35738527371993506,False,0.20001594387755103
ISIC_0028122,0.356383553745811,True,0.20001594387755103
ISIC_0028144,0.28374940372078233,False,0.20001594387755103
ISIC_0028154,0.0762796255725951,True,0.2001355229591837
ISIC_0028174,0.20832119623264395,True,0.20001594387755103
ISIC_0028177,0.6584639046428915,True,0.20001594387755103
ISIC_0028187,0.4382062397839528,True,0.20001594387755103
ISIC_0028194,0.4444231506324262,False,0.20001594387755103
ISIC_0028196,0.5096961607913951,False,0.20001594387755103
ISIC_0028218,0.163206561887052,False,0.20005580357142858
ISIC_0028219,0.2049596653719749,True,0.2001155931122449
ISIC_0028236,0.1638154745408279,False,0.20001594387755103
ISIC_0028243,0.3329646017699115,False,0.20001594387755103
ISIC_0028248,0.48168412276587985,True,0.20001594387755103
ISIC_0028258,0.19749593495934958,False,0.20001594387755103
ISIC_0028275,0.4957354677863797,False,0.20001594387755103
ISIC_0028278,0.40645773979107314,False,0.20001594387755103
ISIC_0028282,0.5903755868544601,True,0.20001594387755103
ISIC_0028309,0.5954968944099379,True,0.20001594387755103
ISIC_0028312,0.33787295976712756,False,0.20001594387755103
ISIC_0028329,0.29895048314762585,True,0.2001155931122449
ISIC_0028336,0.19086504436822907,False,0.20001594387755103
ISIC_0028359,0.356536777819813,True,0.20001594387755103
ISIC_0028372,0.39927322280263455,True,0.20001594387755103
ISIC_0028378,0.6902153662717043,True,0.20009566326530612
ISIC_0028382,0.6694116479809505,True,0.20001594387755103
ISIC_0028401,0.8599706026457619,True,0.20001594387755103
ISIC_0028404,0.25933046349312494,False,0.20001594387755103
ISIC_0028406,0.16899163013152652,True,0.20001594387755103
ISIC_0028408,0.5380354139875358,True,0.20001594387755103
ISIC_0028411,0.7172668647199478,True,0.20001594387755103
ISIC_0028434,0.14942528735632185,False,0.20001594387755103
ISIC_0028450,0.485318177904073,True,0.20001594387755103
ISIC_0028452,0.2829219396065656,False,0.20001594387755103
ISIC_0028453,0.44689119170984454,True,0.20001594387755103
ISIC_0028467,0.5113591072140294,True,0.20001594387755103
ISIC_0028477,0.09705061777600638,True,0.20001594387755103
ISIC_0028487,0.3521867321867322,True,0.20001594387755103
ISIC_0028501,0.5427677076508699,True,0.20001594387755103
ISIC_0028522,0.5631832955776618,True,0.20001594387755103
ISIC_0028524,0.7126416890196418,False,0.20001594387755103
ISIC_0028573,0.22924841533353457,True,0.20001594387755103
ISIC_0028577,0.24731450375347352,False,0.20009566326530612
ISIC_0028602,0.5865685660613651,True,0.20001594387755103
ISIC_0028609,0.576869322152341,False,0.20001594387755103
ISIC_0028613,0.548549065938123,True,0.20001594387755103
ISIC_0028633,0.22048530097993468,True,0.20001594387755103
ISIC_0028638,0.5954122576521554,False,0.20001594387755103
ISIC_0028639,0.20845593929069228,False,0.20009566326530612
ISIC_0028641,0.5489801395598497,True,0.20001594387755103
ISIC_0028652,0.257110077893847,False,0.2001155931122449
ISIC_0028654,0.15371672375458206,False,0.20009566326530612
ISIC_0028658,0.39442594535419423,False,0.20001594387755103
ISIC_0028666,0.19577930333079074,False,0.2000358737244898
ISIC_0028667,0.29574355351465914,False,0.20001594387755103
ISIC_0028674,0.422121062992126,False,0.20001594387755103
ISIC_0028675,0.400167259042442,True,0.20001594387755103
ISIC_0028678,0.421411702965101,True,0.20001594387755103
ISIC_0028701,0.328759696388356,True,0.20001594387755103
ISIC_0028720,0.10271993623592707,True,0.2000358737244898
ISIC_0028722,0.6420297064885225,True,0.20001594387755103
ISIC_0028724,0.30149402390438246,True,0.20009566326530612
ISIC_0028730,0.4511529126213592,False,0.20001594387755103
ISIC_0028747,0.27370952333893334,True,0.20001594387755103
ISIC_0028753,0.4385780996855046,False,0.20001594387755103
ISIC_0028785,0.1661354581673307,True,0.20009566326530612
ISIC_0028792,0.14683019519778892,False,0.20005580357142858
ISIC_0028800,0.5554217983146588,True,0.20001594387755103
ISIC_0028807,0.27699338380738014,False,0.20001594387755103
ISIC_0028825,0.25060394577909006,False,0.20001594387755103
ISIC_0028826,0.24392229024381612,True,0.20001594387755103
ISIC_0028838,0.4181709503885236,False,0.20001594387755103
ISIC_0028875,0.5217057014431039,False,0.20001594387755103
ISIC_0028884,0.036468712634515746,True,0.20001594387755103
ISIC_0028900,0.30887972646822204,False,0.20007573341836735
ISIC_0028905,0.1955958549222798,True,0.20001594387755103
ISIC_0028907,0.4958887545344619,False,0.20001594387755103
ISIC_0028913,0.42790651614181024,True,0.20001594387755103
ISIC_0028920,0.19366180676011438,True,0.20001594387755103
ISIC_0028922,0.19790535794112013,False,0.20001594387755103
ISIC_0028925,0.08056444573756183,False,0.20015545280612246
ISIC_0028947,0.46388188019811233,False,0.20009566326530612
ISIC_0028965,0.3476621964479884,True,0.20001594387755103
ISIC_0028968,0.20553055423969682,False,0.20001594387755103
ISIC_0028971,0.2761962940338017,True,0.20001594387755103
ISIC_0028984,0.14869658472199307,False,0.20001594387755103
ISIC_0028989,0.40424847119407786,True,0.20001594387755103
ISIC_0028992,0.19968405299041073,True,0.20001594387755103
ISIC_0028997,0.26505530520278575,True,0.20001594387755103
ISIC_0028999,0.3961572376664965,False,0.20001594387755103
ISIC_0029014,0.46800980125238223,True,0.20001594387755103
ISIC_0029019,0.5897517252320139,True,0.20001594387755103
ISIC_0029043,0.08757206918641897,False,0.20001594387755103
ISIC_0029086,0.4006576325229175,True,0.20001594387755103
ISIC_0029095,0.4169202080675238,True,0.20001594387755103
ISIC_0029098,0.15621668766353328,False,0.20001594387755103
ISIC_0029100,0.3251352326000721,True,0.20001594387755103
ISIC_0029153,0.5827630848899574,True,0.20001594387755103
ISIC_0029158,0.6819307988039299,False,0.20015545280612246
ISIC_0029164,0.4624609984399376,True,0.20001594387755103
ISIC_0029167,0.6346583598564367,True,0.20001594387755103
ISIC_0029201,0.732024455351761,True,0.20001594387755103
ISIC_0029208,0.11747708250298924,True,0.20001594387755103
ISIC_0029253,0.5804053456058058,True,0.20001594387755103
ISIC_0029259,0.6467666268052618,True,0.20005580357142858
ISIC_0029283,0.6880231167795935,True,0.20001594387755103
ISIC_0029284,0.3190514149063372,True,0.20001594387755103
ISIC_0029286,0.3331407886629698,True,0.20001594387755103
ISIC_0029298,0.28809002190798644,True,0.2001355229591837
ISIC_0029336,0.3524044762576873,True,0.20001594387755103
ISIC_0029342,0.18933579335793357,True,0.20001594387755103
ISIC_0029347,0.24661153621795973,False,0.20007573341836735
ISIC_0029357,0.12126345157433241,True,0.20001594387755103
ISIC_0029370,0.3713856176396893,False,0.20001594387755103
ISIC_0029402,0.2050617776006377,True,0.20001594387755103
ISIC_0029404,0.28447588680749303,True,0.20001594387755103
ISIC_0029406,0.12231372875246097,False,0.20001594387755103
ISIC_0029408,0.41394441735738663,True,0.20001594387755103
ISIC_0029413,0.19995060661253974,False,0.20001594387755103
ISIC_0029418,0.7939465641328995,True,0.20001594387755103
ISIC_0029423,0.4489836588282184,True,0.20001594387755103
ISIC_0029433,0.23568867815427316,True,0.20001594387755103
ISIC_0029443,0.29377637130801687,False,0.20099250637755103
ISIC_0029450,0.699543224496701,True,0.20001594387755103
ISIC_0029457,0.6531424025457438,True,0.2000358737244898
ISIC_0029465,0.44489836588282183,True,0.20001594387755103
ISIC_0029470,0.64712,True,0.20001594387755103
ISIC_0029475,0.27530497856907354,False,0.20001594387755103
ISIC_0029489,0.4256413396191759,True,0.20001594387755103
ISIC_0029490,0.40778206219640445,False,0.20001594387755103
ISIC_0029495,0.4661219609406138,True,0.20001594387755103
ISIC_0029507,0.34852571428571427,False,0.20001594387755103
ISIC_0029508,0.4783327212633125,False,0.2001155931122449
ISIC_0029515,0.3425757022984312,True,0.20001594387755103
ISIC_0029522,0.5437742223988871,True,0.20001594387755103
ISIC_0029528,0.2534535998699821,False,0.20001594387755103
ISIC_0029531,0.843145755657678,True,0.20001594387755103
ISIC_0029537,0.15479384754922337,False,0.20001594387755103
ISIC_0029549,0.40165770609318996,True,0.20001594387755103
ISIC_0029556,0.4196811771919068,True,0.20001594387755103
ISIC_0029569,0.2538646513225696,False,0.20001594387755103
ISIC_0029572,0.5857231149567367,True,0.20001594387755103
ISIC_0029576,0.42044435588323203,True,0.2000358737244898
ISIC_0029594,0.35481078407123423,False,0.20001594387755103
ISIC_0029596,0.6332172553478786,True,0.20001594387755103
ISIC_0029612,0.46568538919992775,True,0.2001355229591837
ISIC_0029618,0.26590606845383913,False,0.20001594387755103
ISIC_0029619,0.5870502527505204,True,0.20001594387755103
ISIC_0029675,0.29504124018682304,True,0.20001594387755103
ISIC_0029676,0.3494606343583964,True,0.20001594387755103
ISIC_0029684,0.5392305362011511,True,0.2000358737244898
ISIC_0029700,0.5921654404454166,True,0.2000358737244898
ISIC_0029716,0.2613591151428344,False,0.20001594387755103
ISIC_0029722,0.46020362992474545,True,0.20001594387755103
ISIC_0029741,0.13786462758425375,False,0.20015545280612246
ISIC_0029750,0.6844295740166476,True,0.20001594387755103
ISIC_0029762,0.38384902768464413,False,0.20001594387755103
ISIC_0029769,0.571025603934616,True,0.20001594387755103
ISIC_0029779,0.6422748061244781,True,0.20001594387755103
ISIC_0029799,0.2432961320898945,True,0.20001594387755103
ISIC_0029801,0.4162114277277425,True,0.20001594387755103
ISIC_0029810,0.2024929557285448,False,0.20015545280612246
ISIC_0029825,0.330112561012053,True,0.20001594387755103
ISIC_0029836,0.5530091669988043,True,0.20001594387755103
ISIC_0029869,0.2925296192457267,True,0.20001594387755103
ISIC_0029871,0.3276102735901731,False,0.20001594387755103
ISIC_0029884,0.2039544379969912,False,0.20001594387755103
ISIC_0029894,0.1554993678887484,False,0.20001594387755103
ISIC_0029898,0.7300471495927989,True,0.20015545280612246
ISIC_0029909,0.13730411935816833,False,0.20001594387755103
ISIC_0029917,0.29842701033958935,True,0.20001594387755103
ISIC_0029924,0.11678832116788321,False,0.20001594387755103
ISIC_0029932,0.2569596009086455,True,0.20001594387755103
ISIC_0029965,0.26705167778552225,True,0.20015545280612246
ISIC_0029968,0.5887488838178391,True,0.20007573341836735
ISIC_0029975,0.35173375846950977,True,0.20001594387755103
ISIC_0029986,0.5029460811561979,True,0.20001594387755103
ISIC_0029998,0.5410577592205985,True,0.20001594387755103
ISIC_0029999,0.5592480060767185,True,0.20001594387755103
ISIC_0030001,0.29506928066037735,True,0.20015545280612246
ISIC_0030016,0.40724925521350547,True,0.20001594387755103
ISIC_0030017,0.6821875896357205,True,0.2000358737244898
ISIC_0030032,0.8678304239401496,True,0.20001594387755103
ISIC_0030044,0.4884031572556163,False,0.2001355229591837
ISIC_0030047,0.6666666666666666,True,0.20001594387755103
ISIC_0030060,0.5389409914370594,True,0.20001594387755103
ISIC_0030087,0.28356025198130463,False,0.20001594387755103
ISIC_0030106,0.28598182067327454,False,0.20001594387755103
ISIC_0030115,0.3071146047163671,True,0.20005580357142858
ISIC_0030128,0.6376903052772738,False,0.20005580357142858
ISIC_0030133,0.23304503993572476,False,0.20001594387755103
ISIC_0030176,0.3230894620769009,False,0.20001594387755103
ISIC_0030180,0.47600275326950753,True,0.20001594387755103
ISIC_0030185,0.3266357997728663,False,0.20001594387755103
ISIC_0030201,0.5170833748381313,True,0.20001594387755103
ISIC_0030206,0.7361876147554666,False,0.20001594387755103
ISIC_0030211,0.29819920031265973,True,0.20001594387755103
ISIC_0030220,0.3297571993224167,True,0.20001594387755103
ISIC_0030226,0.5561341122682245,True,0.20001594387755103
ISIC_0030248,0.399881739504381,False,0.20001594387755103
ISIC_0030251,0.27879633320047825,True,0.20001594387755103
ISIC_0030252,0.7791049798115747,True,0.2001355229591837
ISIC_0030255,0.2055599840573934,True,0.20001594387755103
ISIC_0030265,0.41656698564593303,False,0.20001594387755103
ISIC_0030275,0.25229174970107615,True,0.20001594387755103
ISIC_0030278,0.35003020816169605,True,0.20001594387755103
ISIC_0030283,0.16550418493423674,True,0.20001594387755103
ISIC_0030296,0.5710980601530521,True,0.2000358737244898
ISIC_0030297,0.17790547011435975,False,0.20001594387755103
ISIC_0030303,0.3773959526536846,False,0.20001594387755103
ISIC_0030304,0.41689916301315266,True,0.20001594387755103
ISIC_0030313,0.5540137828273421,False,0.20001594387755103
ISIC_0030317,0.5468495136833202,False,0.20001594387755103
ISIC_0030321,0.5030329670329671,True,0.20001594387755103
ISIC_0030322,0.6401607176228742,True,0.20001594387755103
ISIC_0030323,0.5060828922950031,True,0.2001355229591837
ISIC_0030327,0.3232088181261482,True,0.20001594387755103
ISIC_0030336,0.39840283939662824,True,0.20001594387755103
ISIC_0030342,0.4625668449197861,False,0.20001594387755103
ISIC_0030344,0.19114440655224466,False,0.20001594387755103
ISIC_0030368,0.34593542959301715,True,0.20009566326530612
ISIC_0030371,0.1362096452770028,True,0.20001594387755103
ISIC_0030372,0.18439931675839819,False,0.20005580357142858
ISIC_0030380,0.279776416721175,False,0.20001594387755103
ISIC_0030383,0.4963678318092471,True,0.20007573341836735
ISIC_0030385,0.2349105102817974,False,0.20001594387755103
ISIC_0030394,0.2960427975769019,False,0.2001155931122449
ISIC_0030398,0.37263857172514014,True,0.20001594387755103
ISIC_0030410,0.4542621342413574,False,0.20001594387755103
ISIC_0030411,0.6561570493753718,True,0.20001594387755103
ISIC_0030419,0.6762470516292478,False,0.20001594387755103
ISIC_0030433,0.4682845023182401,True,0.20001594387755103
ISIC_0030443,0.6443097379741886,True,0.20001594387755103
ISIC_0030447,0.7341229133637974,True,0.20001594387755103
ISIC_0030449,0.5550478813294111,False,0.20001594387755103
ISIC_0030450,0.6708221298785952,False,0.20001594387755103
ISIC_0030474,0.3349135236507606,False,0.20001594387755103
ISIC_0030483,0.3516714924980258,False,0.20001594387755103
ISIC_0030489,0.5376077214753533,True,0.2001355229591837
ISIC_0030528,0.3652143845089903,True,0.20001594387755103
ISIC_0030533,0.10482622051841885,False,0.2001355229591837
ISIC_0030538,0.7705893832943014,True,0.20001594387755103
ISIC_0030547,0.6648457336308379,True,0.20009566326530612
ISIC_0030568,0.6400896342344947,True,0.20001594387755103
ISIC_0030590,0.613200498132005,True,0.20001594387755103
ISIC_0030599,0.5603273864263381,True,0.20001594387755103
ISIC_0030603,0.1160419277657514,True,0.20015545280612246
ISIC_0030604,0.1524522708104378,False,0.20001594387755103
ISIC_0030610,0.4818850303258011,True,0.20001594387755103
ISIC_0030630,0.6735059760956176,True,0.20009566326530612
ISIC_0030637,0.25750619777798184,False,0.20001594387755103
ISIC_0030647,0.1565169619557753,True,0.20005580357142858
ISIC_0030653,0.4331406935033878,True,0.20001594387755103
ISIC_0030657,0.4092530215969883,True,0.20001594387755103
ISIC_0030659,0.35700197238658776,False,0.20001594387755103
ISIC_0030671,0.30712440014765596,True,0.20001594387755103
ISIC_0030686,0.3288162614587485,True,0.20001594387755103
ISIC_0030688,0.5096669646848457,True,0.20001594387755103
ISIC_0030693,0.08012486992715921,False,0.20001594387755103
ISIC_0030699,0.18443950630505207,True,0.20001594387755103
ISIC_0030716,0.6634136626170085,True,0.20005580357142858
ISIC_0030744,0.1557228308354056,False,0.20005580357142858
ISIC_0030746,0.4995897053338307,True,0.20001594387755103
ISIC_0030771,0.19729609929078015,True,0.2000358737244898
ISIC_0030779,0.5963621906371136,True,0.20001594387755103
ISIC_0030796,0.27358772541596094,True,0.2000358737244898
ISIC_0030817,0.4903060722369845,True,0.20001594387755103
ISIC_0030827,0.030336708652342143,False,0.20001594387755103
ISIC_0030831,0.58362327049114,True,0.20001594387755103
ISIC_0030846,0.4162090776395357,True,0.2000358737244898
ISIC_0030864,0.5381339144215531,True,0.2001355229591837
ISIC_0030877,0.09010301586846108,False,0.20001594387755103
ISIC_0030881,0.259539852669064,True,0.20001594387755103
ISIC_0030903,0.24883642210374884,False,0.20001594387755103
ISIC_0030906,0.2871527436124504,False,0.20001594387755103
ISIC_0030916,0.5611975548763546,True,0.20001594387755103
ISIC_0030917,0.5412274652743572,False,0.20007573341836735
ISIC_0030918,0.47455386649041637,True,0.20001594387755103
ISIC_0030924,0.2251334870014297,True,0.20007573341836735
ISIC_0030925,0.4004105498880319,True,0.20001594387755103
ISIC_0030928,0.4624030236721703,True,0.20001594387755103
ISIC_0030932,0.36638102829812674,True,0.20001594387755103
ISIC_0030946,0.22951578251528673,False,0.20001594387755103
ISIC_0030950,0.23669526400223198,True,0.20001594387755103
ISIC_0030961,0.7383966244725738,True,0.20001594387755103
ISIC_0030975,0.47292598112270245,True,0.2000358737244898
ISIC_0030986,0.20393046107331822,False,0.20001594387755103
ISIC_0030988,0.5299521157040946,True,0.20001594387755103
ISIC_0031007,0.23508920088673071,False,0.20009566326530612
ISIC_0031033,0.2073225952519568,False,0.20001594387755103
ISIC_0031037,0.20938691288077502,False,0.20001594387755103
ISIC_0031039,0.34710497566789156,True,0.20001594387755103
ISIC_0031042,0.5869868473495417,False,0.20001594387755103
ISIC_0031060,0.2114680946006247,False,0.20009566326530612
ISIC_0031062,0.4637069547602971,True,0.20001594387755103
ISIC_0031065,0.4708163468231083,True,0.2001155931122449
ISIC_0031078,0.14844777690081556,False,0.20009566326530612
ISIC_0031079,0.7140292382662221,True,0.20001594387755103
ISIC_0031084,0.5960150158821831,True,0.20023517219387754
ISIC_0031092,0.32717995519787607,False,0.20001594387755103
ISIC_0031098,0.3735935477446978,True,0.2001355229591837
ISIC_0031102,0.5703231991235278,True,0.20001594387755103
ISIC_0031121,0.6222524800622447,True,0.20001594387755103
ISIC_0031128,0.34611885991510005,False,0.20001594387755103
ISIC_0031151,0.23124939514177878,False,0.20001594387755103
ISIC_0031185,0.28470821729248696,True,0.20001594387755103
ISIC_0031215,0.6227948947240062,True,0.20001594387755103
ISIC_0031216,0.5233853006681515,True,0.20001594387755103
ISIC_0031219,0.6844270869656183,True,0.20001594387755103
ISIC_0031246,0.5939445573104397,True,0.20001594387755103
ISIC_0031249,0.6363081750043577,True,0.20001594387755103
ISIC_0031268,0.2849761138734523,True,0.20001594387755103
ISIC_0031280,0.2946343779677113,False,0.2000358737244898
ISIC_0031284,0.29837147571561806,True,0.20007573341836735
ISIC_0031288,0.7573735615511072,True,0.20001594387755103
ISIC_0031302,0.3472499003587087,True,0.20001594387755103
ISIC_0031307,0.406759974446832,False,0.20001594387755103
ISIC_0031324,0.6399385063516466,True,0.2000358737244898
ISIC_0031329,0.18153754232224656,False,0.2001355229591837
ISIC_0031350,0.40270144387517465,True,0.20001594387755103
ISIC_0031356,0.5052799362422793,True,0.20005580357142858
ISIC_0031362,0.27336659725769064,False,0.20001594387755103
ISIC_0031368,0.1625693326176418,True,0.20001594387755103
ISIC_0031377,0.28669587731527585,True,0.20001594387755103
ISIC_0031380,0.6653167017657541,True,0.20001594387755103
ISIC_0031384,0.39263439263439265,True,0.20001594387755103
ISIC_0031397,0.2114704256495301,False,0.20001594387755103
ISIC_0031403,0.527185819557857,True,0.2001355229591837
ISIC_0031407,0.37623188405797103,True,0.20001594387755103
ISIC_0031429,0.21229191188834706,True,0.20001594387755103
ISIC_0031431,0.2053510399375061,False,0.20005580357142858
ISIC_0031435,0.3252291749701076,True,0.20001594387755103
ISIC_0031458,0.5965384335684677,False,0.20001594387755103
ISIC_0031464,0.1561056952283222,True,0.2000358737244898
ISIC_0031465,0.08131071173341098,False,0.20001594387755103
ISIC_0031499,0.5580496780128795,True,0.20001594387755103
ISIC_0031514,0.4194305840915762,True,0.20001594387755103
ISIC_0031540,0.6396546649661532,True,0.20001594387755103
ISIC_0031551,0.36890189817278696,True,0.20001594387755103
ISIC_0031562,0.36000398565165403,False,0.20001594387755103
ISIC_0031574,0.4241458312580934,True,0.20007573341836735
ISIC_0031581,0.31145885916203936,True,0.20001594387755103
ISIC_0031588,0.3721824135149243,True,0.20001594387755103
ISIC_0031601,0.7526032627559875,True,0.20001594387755103
ISIC_0031602,0.7194807673952467,True,0.20001594387755103
ISIC_0031605,0.4309573516254101,True,0.20001594387755103
ISIC_0031644,0.5379534794677898,True,0.20001594387755103
ISIC_0031652,0.638415159345392,True,0.20005580357142858
ISIC_0031656,0.5754842318718971,True,0.20001594387755103
ISIC_0031672,0.22378351539225422,False,0.20001594387755103
ISIC_0031674,0.32688302344075437,False,0.20001594387755103
ISIC_0031682,0.17253426498253158,False,0.20001594387755103
ISIC_0031683,0.3377049180327869,False,0.20001594387755103
ISIC_0031696,0.6020551715701267,True,0.20001594387755103
ISIC_0031697,0.28827572467377227,True,0.20005580357142858
ISIC_0031698,0.35115020297699595,True,0.20001594387755103
ISIC_0031705,0.030091669988043045,True,0.20001594387755103
ISIC_0031738,0.2354615519355404,False,0.20001594387755103
ISIC_0031769,0.14168991630131528,True,0.20001594387755103
ISIC_0031770,0.5716162035116825,False,0.20001594387755103
ISIC_0031777,0.5550520201697836,True,0.20001594387755103
ISIC_0031789,0.11456888007928642,True,0.20001594387755103
ISIC_0031805,0.7761453701913783,True,0.20001594387755103
ISIC_0031816,0.62148070907195,True,0.20001594387755103
ISIC_0031819,0.4172283634402804,True,0.20001594387755103
ISIC_0031821,0.34555599840573936,True,0.20001594387755103
ISIC_0031826,0.6165746856057179,True,0.20001594387755103
ISIC_0031850,0.379583746283449,True,0.20001594387755103
ISIC_0031864,0.2907928899540643,False,0.20001594387755103
ISIC_0031877,0.62652984372058,False,0.20001594387755103
ISIC_0031895,0.6425599716738957,False,0.20001594387755103
ISIC_0031900,0.29096912916602674,False,0.2001355229591837
ISIC_0031902,0.4256675966520526,True,0.20001594387755103
ISIC_0031903,0.1680551666199944,False,0.20001594387755103
ISIC_0031909,0.39776803507373454,True,0.20001594387755103
ISIC_0031911,0.8665683382497542,True,0.20001594387755103
ISIC_0031913,0.17568431142826713,False,0.20001594387755103
ISIC_0031920,0.2679782552420399,True,0.20015545280612246
ISIC_0031939,0.43286626463284855,True,0.20001594387755103
ISIC_0031958,0.3651550140028497,False,0.2000358737244898
ISIC_0031974,0.28615537848605577,True,0.20009566326530612
ISIC_0031980,0.15780775177267153,False,0.20009566326530612
ISIC_0031983,0.36121349588885737,False,0.20001594387755103
ISIC_0031988,0.15150911445363083,True,0.20007573341836735
ISIC_0031992,0.548733402391939,True,0.20001594387755103
ISIC_0031997,0.5533814589665653,True,0.20015545280612246
ISIC_0032003,0.5756398765063241,True,0.2001155931122449
ISIC_0032006,0.10182662226258957,False,0.20001594387755103
ISIC_0032012,0.5117991483321505,False,0.20005580357142858
ISIC_0032024,0.24261246000376435,True,0.20001594387755103
ISIC_0032034,0.4309485850936628,True,0.20001594387755103
ISIC_0032035,0.6426123568001567,True,0.20001594387755103
ISIC_0032036,0.16218132822749354,False,0.20001594387755103
ISIC_0032053,0.7209361702127659,True,0.20075334821428573
ISIC_0032054,0.6080398220076929,True,0.2000358737244898
ISIC_0032056,0.49184241941902107,True,0.2001155931122449
ISIC_0032071,0.2748137391084733,True,0.20001594387755103
ISIC_0032105,0.2594126109688059,False,0.20001594387755103
ISIC_0032106,0.6061727193067861,False,0.20001594387755103
ISIC_0032108,0.5753723677452491,True,0.20001594387755103
ISIC_0032118,0.16488429980639807,False,0.20005580357142858
ISIC_0032129,0.5239901937893999,True,0.20001594387755103
ISIC_0032141,0.3854502170564347,False,0.20001594387755103
ISIC_0032184,0.7571275101231303,True,0.20001594387755103
ISIC_0032186,0.2473166007586151,False,0.20001594387755103
ISIC_0032194,0.5564536933528248,True,0.20001594387755103
ISIC_0032197,0.12396096855800506,False,0.20001594387755103
ISIC_0032202,0.6662131519274377,True,0.20001594387755103
ISIC_0032209,0.32019027484143764,False,0.20001594387755103
ISIC_0032211,0.162157382847038,False,0.20001594387755103
ISIC_0032218,0.5634819947301649,True,0.20001594387755103
ISIC_0032233,0.32734135409294646,False,0.20001594387755103
ISIC_0032241,0.539175970753878,True,0.20001594387755103
ISIC_0032243,0.10594423497649304,False,0.20001594387755103
ISIC_0032247,0.2002838335648288,False,0.20001594387755103
ISIC_0032261,0.2647102052814659,False,0.20001594387755103
ISIC_0032263,0.4841709537000396,True,0.20001594387755103
ISIC_0032269,0.14802293105982656,False,0.20001594387755103
ISIC_0032271,0.29627012567506184,True,0.20001594387755103
ISIC_0032282,0.6092030995886348,False,0.20007573341836735
ISIC_0032315,0.21812749003984064,True,0.20009566326530612
ISIC_0032320,0.5059564099093001,True,0.20001594387755103
ISIC_0032324,0.20865912933220626,False,0.20001594387755103
ISIC_0032326,0.31408885721073887,False,0.20001594387755103
ISIC_0032339,0.27642556448526595,False,0.20001594387755103
ISIC_0032342,0.2938731069979214,True,0.20001594387755103
ISIC_0032349,0.34065137472169005,True,0.20001594387755103
ISIC_0032354,0.4220766329164185,True,0.20001594387755103
ISIC_0032355,0.47115478159354024,True,0.20001594387755103
ISIC_0032374,0.35856056390280094,False,0.2001155931122449
ISIC_0032383,0.4900976025774661,True,0.2001355229591837
ISIC_0032384,0.3598830014624817,False,0.20001594387755103
ISIC_0032392,0.25535846267553586,False,0.20001594387755103
ISIC_0032418,0.4189457379350404,True,0.20001594387755103
ISIC_0032428,0.7571404848887413,True,0.20073341836734693
ISIC_0032433,0.33464881606554103,False,0.20001594387755103
ISIC_0032438,0.4266852919971161,True,0.2001355229591837
ISIC_0032462,0.5565529622980251,True,0.20001594387755103
ISIC_0032468,0.6528304870335231,True,0.2001355229591837
ISIC_0032482,0.3575439138721475,True,0.20001594387755103
ISIC_0032484,0.353594227033028,False,0.20001594387755103
ISIC_0032501,0.1582812184789187,False,0.20001594387755103
ISIC_0032510,0.3423011389113084,False,0.20007573341836735
ISIC_0032519,0.2661186179092255,True,0.20005580357142858
ISIC_0032523,0.42953657764171854,True,0.20001594387755103
ISIC_0032528,0.7158603199375732,True,0.20001594387755103
ISIC_0032543,0.4833688446969697,True,0.20001594387755103
ISIC_0032557,0.8289077212806026,True,0.20001594387755103
ISIC_0032561,0.7037248465819894,True,0.20001594387755103
ISIC_0032563,0.2833005079299264,True,0.20001594387755103
ISIC_0032574,0.5098072514222637,True,0.20001594387755103
ISIC_0032581,0.6009118293576488,False,0.20005580357142858
ISIC_0032598,0.5998743718592965,False,0.20015545280612246
ISIC_0032602,0.4421274354923644,False,0.20001594387755103
ISIC_0032634,0.5463069269039418,True,0.20005580357142858
ISIC_0032641,0.11966919091271423,True,0.20001594387755103
ISIC_0032642,0.3031529873635137,False,0.20009566326530612
ISIC_0032645,0.3640424343941932,True,0.20001594387755103
ISIC_0032649,0.3599043443603029,True,0.20001594387755103
ISIC_0032653,0.09754882423276205,True,0.20001594387755103
ISIC_0032668,0.8383005707038681,True,0.20001594387755103
ISIC_0032681,0.2903646332579272,True,0.20001594387755103
ISIC_0032682,0.543531726512543,True,0.20001594387755103
ISIC_0032690,0.21554564838146928,False,0.20001594387755103
ISIC_0032694,0.18366390754333906,False,0.20015545280612246
ISIC_0032706,0.7743283582089552,True,0.20001594387755103
ISIC_0032713,0.1817457154244719,True,0.20001594387755103
ISIC_0032714,0.5510991129965291,False,0.20001594387755103
ISIC_0032720,0.25069748903945793,True,0.20001594387755103
ISIC_0032722,0.37779506124829865,True,0.20001594387755103
ISIC_0032724,0.5427896330207487,True,0.20001594387755103
ISIC_0032739,0.33706572250497896,True,0.20001594387755103
ISIC_0032745,0.7291686970080888,True,0.20009566326530612
ISIC_0032748,0.5708126624143633,True,0.20009566326530612
ISIC_0032754,0.28816261458748504,False,0.20001594387755103
ISIC_0032770,0.3862968045481278,True,0.20001594387755103
ISIC_0032785,0.4424467461403166,False,0.20001594387755103
ISIC_0032807,0.22629124714128723,True,0.20001594387755103
ISIC_0032809,0.10847578739075468,False,0.20001594387755103
ISIC_0032822,0.6728709394205443,True,0.20001594387755103
ISIC_0032827,0.1879799454210827,False,0.20001594387755103
ISIC_0032830,0.2671097477845944,False,0.20001594387755103
ISIC_0032834,0.6199582753824756,True,0.20001594387755103
ISIC_0032837,0.25801338499471643,True,0.20001594387755103
ISIC_0032843,0.5843464546231188,True,0.20001594387755103
ISIC_0032862,0.6502641089797053,True,0.20001594387755103
ISIC_0032873,0.31775734761835817,True,0.20001594387755103
ISIC_0032874,0.548183021921436,False,0.20001594387755103
ISIC_0032886,0.21612196094061378,True,0.20001594387755103
ISIC_0032891,0.1345157433240335,True,0.20001594387755103
ISIC_0032909,0.32377980833519054,True,0.20001594387755103
ISIC_0032918,0.5505058746736292,False,0.20001594387755103
ISIC_0032923,0.4123176661264181,True,0.20007573341836735
ISIC_0032973,0.42839613477171634,False,0.20001594387755103
ISIC_0032982,0.23634914308489438,True,0.20001594387755103
ISIC_0032986,0.4622762833565534,True,0.20001594387755103
ISIC_0032995,0.2484095280366918,False,0.20005580357142858
ISIC_0033007,0.4540493229676157,True,0.20001594387755103
ISIC_0033013,0.23141920295947538,False,0.20001594387755103
ISIC_0033022,0.49679957327643687,False,0.20001594387755103
ISIC_0033033,0.4531685930649661,True,0.20001594387755103
ISIC_0033036,0.7041647095663066,True,0.2002750318877551
ISIC_0033042,0.40444208006383825,True,0.20007573341836735
ISIC_0033071,0.46216649657384457,True,0.20001594387755103
ISIC_0033073,0.6384724897412277,True,0.20001594387755103
ISIC_0033074,0.5972009973457734,True,0.20001594387755103
ISIC_0033083,0.7540933200092244,True,0.20001594387755103
ISIC_0033086,0.6479658792650919,True,0.20001594387755103
ISIC_0033092,0.6258587167854828,True,0.20001594387755103
ISIC_0033109,0.5180758888556917,True,0.20001594387755103
ISIC_0033129,0.2876641379520458,True,0.20001594387755103
ISIC_0033133,0.16271422877640493,True,0.20001594387755103
ISIC_0033134,0.4203123205878976,False,0.20001594387755103
ISIC_0033144,0.318154643284177,True,0.20001594387755103
ISIC_0033148,0.6851236319416295,True,0.20001594387755103
ISIC_0033159,0.7569834977413109,True,0.20001594387755103
ISIC_0033177,0.6106406296702201,True,0.2000358737244898
ISIC_0033180,0.5112040633403048,True,0.20007573341836735
ISIC_0033182,0.4439647577092511,True,0.2000358737244898
ISIC_0033196,0.618584334359178,True,0.20001594387755103
ISIC_0033208,0.27869669190912716,True,0.20001594387755103
ISIC_0033214,0.83451536643026,True,0.2000358737244898
ISIC_0033227,0.5068752491032283,True,0.20001594387755103
ISIC_0033229,0.23613185937655612,True,0.2001155931122449
ISIC_0033233,0.6141364370062017,True,0.20001594387755103
ISIC_0033241,0.3086965676984628,True,0.20001594387755103
ISIC_0033244,0.24820717131474104,True,0.20009566326530612
ISIC_0033246,0.33055851718198964,True,0.20001594387755103
ISIC_0033255,0.6077826433121019,True,0.20001594387755103
ISIC_0033267,0.3192452830188679,True,0.20001594387755103
ISIC_0033283,0.48095703125,False,0.20005580357142858
ISIC_0033298,0.3943227091633466,True,0.20009566326530612
ISIC_0033304,0.7988473167044595,True,0.20001594387755103
ISIC_0033312,0.363015924601885,False,0.20001594387755103
ISIC_0033337,0.5639776094830424,True,0.20001594387755103
ISIC_0033345,0.6314548634877177,True,0.20001594387755103
ISIC_0033347,0.3137450199203187,True,0.20009566326530612
ISIC_0033352,0.7376494023904383,True,0.20009566326530612
ISIC_0033359,0.37439392553288814,True,0.2000358737244898
ISIC_0033362,0.598297820969397,True,0.20001594387755103
ISIC_0033365,0.8537518391368317,True,0.20001594387755103
ISIC_0033383,0.7154757043691302,True,0.20001594387755103
ISIC_0033384,0.8162855229164673,True,0.2001355229591837
ISIC_0033390,0.6454976936961027,True,0.20001594387755103
ISIC_0033392,0.5737431204007173,True,0.20001594387755103
ISIC_0033394,0.23585248763456504,True,0.20001594387755103
ISIC_0033397,0.4353111957902377,True,0.20001594387755103
ISIC_0033398,0.11676795855335259,True,0.2000358737244898
ISIC_0033406,0.6699549851546787,True,0.20001594387755103
ISIC_0033413,0.4536184754450752,True,0.2000358737244898
ISIC_0033414,0.5929203539823009,True,0.20001594387755103
ISIC_0033425,0.23079471295590817,False,0.20001594387755103
ISIC_0033439,0.10701474691111997,True,0.20001594387755103
ISIC_0033447,0.42843011178158075,False,0.20001594387755103
ISIC_0033449,0.2569181008665096,False,0.20001594387755103
ISIC_0033455,0.3180550019928258,True,0.20001594387755103
ISIC_0033456,0.18057938831129505,False,0.20001594387755103
ISIC_0033493,0.12455161418891988,True,0.20001594387755103
ISIC_0033494,0.5528089887640449,True,0.20001594387755103
ISIC_0033509,0.3254607935020306,True,0.20001594387755103
ISIC_0033511,0.3374838131287977,True,0.20007573341836735
ISIC_0033532,0.7066845946984249,True,0.2001355229591837
ISIC_0033542,0.7107292785316802,True,0.20001594387755103
ISIC_0033588,0.817343535412988,True,0.20015545280612246
ISIC_0033594,0.6251155753551315,True,0.20001594387755103
ISIC_0033603,0.3820011548296626,True,0.20001594387755103
ISIC_0033632,0.21410154700515668,False,0.20001594387755103
ISIC_0033639,0.7018783708387577,True,0.20001594387755103
ISIC_0033640,0.5886220982365249,True,0.20001594387755103
ISIC_0033651,0.5345664866044634,True,0.20001594387755103
ISIC_0033659,0.39734358615868576,True,0.20001594387755103
ISIC_0033668,0.3851212938005391,True,0.20001594387755103
ISIC_0033675,0.28029197080291973,True,0.20001594387755103
ISIC_0033676,0.2334283080532976,False,0.20001594387755103
ISIC_0033687,0.5400715563506261,False,0.20001594387755103
ISIC_0033696,0.41272017281488865,True,0.20001594387755103
ISIC_0033720,0.35332801913112794,True,0.20001594387755103
ISIC_0033744,0.26718065867123547,False,0.20001594387755103
ISIC_0033772,0.49004926108374386,False,0.20001594387755103
ISIC_0033790,0.23053874963987322,True,0.20001594387755103
ISIC_0033817,0.36509479824987845,True,0.20001594387755103
ISIC_0033822,0.48013479957431715,False,0.20001594387755103
ISIC_0033836,0.19390195296931048,True,0.20001594387755103
ISIC_0033839,0.25358708648864087,True,0.20001594387755103
ISIC_0033842,0.44338701805758907,False,0.20001594387755103
ISIC_0033858,0.6046135452563471,False,0.20007573341836735
ISIC_0033863,0.30339225991399904,False,0.2001155931122449
ISIC_0033873,0.43419319854365174,False,0.20001594387755103
ISIC_0033896,0.3714627341570347,True,0.20001594387755103
ISIC_0033906,0.30583156865939076,True,0.20001594387755103
ISIC_0033919,0.6849485821128077,True,0.20001594387755103
ISIC_0033927,0.5550416281221091,True,0.20001594387755103
ISIC_0033933,0.4571968801701725,True,0.20001594387755103
ISIC_0033955,0.27518450471771555,True,0.2001155931122449
ISIC_0033962,0.6510872773787267,False,0.20001594387755103
ISIC_0033982,0.3395775209246712,True,0.20001594387755103
ISIC_0034025,0.40099729898192393,True,0.20001594387755103
ISIC_0034053,0.3315406831988846,True,0.2001155931122449
ISIC_0034056,0.5363539911377395,False,0.20001594387755103
ISIC_0034085,0.5204039932278592,True,0.20001594387755103
ISIC_0034087,0.39577520924671183,True,0.20001594387755103
ISIC_0034090,0.5948905109489051,True,0.20001594387755103
ISIC_0034093,0.232668360076823,False,0.20001594387755103
ISIC_0034109,0.7954086781029264,True,0.20001594387755103
ISIC_0034113,0.3345136130915355,True,0.20005580357142858
ISIC_0034180,0.4507927011666168,True,0.20001594387755103
ISIC_0034184,0.5305919003115265,True,0.20001594387755103
ISIC_0034210,0.7342790774846524,True,0.2000358737244898
ISIC_0034213,0.4874451972897569,True,0.20001594387755103
ISIC_0034220,0.6728106198070862,False,0.20007573341836735
ISIC_0034233,0.545832267962158,False,0.20001594387755103
ISIC_0034247,0.4353528729253897,False,0.20001594387755103
ISIC_0034248,0.442975042259123,True,0.20009566326530612
ISIC_0034249,0.49123156636110005,True,0.20001594387755103
ISIC_0034255,0.7153014512515827,True,0.20001594387755103
ISIC_0034270,0.3163611000398565,True,0.20001594387755103
ISIC_0034271,0.38363304665102943,True,0.20015545280612246
ISIC_0034289,0.6385463984425698,False,0.20001594387755103
ISIC_0034301,0.06446791550418493,True,0.20001594387755103
ISIC_0034309,0.16937064033231444,True,0.20001594387755103
